time_s,training,measured_T1_C,measured_T2_C,predicted_T1_C,predicted_T2_C
0.0,1,20.83,19.93,20.83,19.93
1.0012845993041992,1,20.8,19.96,20.837212775836683,19.941719662763905
2.001270294189453,1,20.83,19.83,20.84439350929023,19.953379222257233
3.001899003982544,1,20.83,19.83,20.85155623210855,19.965001536735368
4.002528667449951,1,20.8,19.87,20.858696391109593,19.976579276661365
5.0038087368011475,1,20.83,19.9,20.865818663146648,19.988120083757035
6.004442930221558,1,20.83,19.93,20.872913891829928,19.999609186768563
7.005060434341431,1,20.83,19.93,20.879986625107207,20.011054023223885
8.005034923553467,1,20.83,19.8,20.887032522023706,20.02244764142476
9.005645275115967,1,20.83,19.9,20.89406065779754,20.033804781221136
10.006287813186646,1,20.87,19.83,20.901066833811264,20.045118714374105
11.006917953491211,1,20.87,19.77,21.17909001917592,20.056486599153803
12.00821566581726,1,20.87,19.96,21.4561056780976,20.068013128143523
13.008816480636597,1,20.83,19.8,21.731739194295603,20.07968148583089
14.00714635848999,1,20.96,19.83,22.00556507905286,20.09147155608645
15.00710415840149,1,20.9,19.8,22.278656707138797,20.103428147034972
16.00787353515625,1,21.03,19.83,22.550789666267246,20.11554094333571
17.00856852531433,1,21.06,19.8,22.82172461145711,20.127798291101577
18.00913953781128,1,21.19,19.8,23.091451353191054,20.140198449338268
19.00911021232605,1,21.29,19.93,23.359845649201446,20.15273427102799
20.01114583015442,1,21.35,19.77,23.627623211986474,20.165438395178533
21.0111186504364,1,21.64,19.9,23.89368389137738,20.178257406117734
22.011746406555176,1,21.7,19.8,24.158756187819012,20.191224764400072
23.012377977371216,1,21.8,19.8,24.422669416479824,20.20433109143825
24.00635838508606,1,22.03,19.8,24.683682809523336,20.217486775113635
24.99714183807373,1,22.25,19.9,24.94272331450402,20.230734460069776
25.998183250427246,1,22.48,20.0,25.20329952653251,20.244254429191606
26.998825073242188,1,22.61,19.9,25.462623259942198,20.25790367539307
27.989115715026855,1,22.83,20.0,25.718136881506673,20.27154324402914
28.980971813201904,1,23.09,19.9,25.972933040076015,20.285334479649382
29.975386142730713,1,23.22,19.83,26.227262730317992,20.299290959504688
30.967493295669556,1,23.57,19.8,26.479884127888038,20.313343412278446
31.96160912513733,1,23.83,19.93,26.731899675781484,20.32755187551338
32.96221947669983,1,24.09,19.9,26.98443523307765,20.341981057918417
33.96286153793335,1,24.38,19.9,27.235851738695057,20.35653796569259
34.96413040161133,1,24.6,20.09,27.48630068568537,20.371230330466968
35.95811581611633,1,24.89,20.0,27.73381771980438,20.38593978701935
36.95868992805481,1,25.02,20.0,27.98186146009142,20.40087045255389
37.95866060256958,1,25.35,20.0,28.228642062095002,20.415915077713002
38.95928931236267,1,25.64,20.0,28.474473869447255,20.431091612512287
39.960564374923706,1,25.8,20.12,28.719354971222963,20.44639908046803
40.95913052558899,1,26.18,20.0,28.962471326822673,20.461784781462395
41.95911192893982,1,26.34,19.96,29.20483230880033,20.477310998427154
42.96038460731506,1,26.67,20.09,29.44640655660037,20.492975259833912
43.96051335334778,1,26.92,20.19,29.686609454527165,20.50873846890764
44.96097207069397,1,27.12,20.16,29.925799501200107,20.5246226905542
45.95937418937683,1,27.44,19.96,30.163412106933855,20.54058871750608
46.95979571342468,1,27.67,20.06,30.400420573917305,20.556700709515898
47.96044373512268,1,27.99,20.09,30.636399686329113,20.572929160141683
48.961081981658936,1,28.28,20.03,30.87129657698496,20.589269261891477
49.96234750747681,1,28.54,20.19,31.1052630080106,20.60573051049822
50.95860195159912,1,28.79,20.22,31.336991720953343,20.6222184824746
51.959219217300415,1,28.99,20.16,31.568667341559156,20.63888720867532
52.95991015434265,1,29.28,20.29,31.79929291208213,20.655664961458704
53.95981216430664,1,29.63,20.25,32.0286740115967,20.672536166089674
54.97605657577515,1,29.86,20.16,32.26071903973363,20.689791356176382
55.97421646118164,1,30.15,20.38,32.4875731549101,20.706844706451445
56.97555446624756,1,30.34,20.32,32.71409577475034,20.724056138632076
57.97545409202576,1,30.73,20.32,32.939243068043055,20.741345588191805
58.97609496116638,1,30.89,20.32,33.16351018737874,20.758749653098732
59.977370500564575,1,31.18,20.35,33.386874365917784,20.776265708657732
60.99127721786499,1,31.4,20.35,33.61199428287765,20.79410463195429
61.992624282836914,1,31.76,20.51,33.83327997953052,20.81182223370781
62.99324917793274,1,32.02,20.35,34.05337146054873,20.82962500952033
63.9938759803772,1,32.21,20.48,34.27243240436145,20.84752476800898
64.9944863319397,1,32.44,20.58,34.49046211607952,20.865520213838447
65.99161124229431,1,32.66,20.54,34.70671338772099,20.88354750020232
66.99223828315735,1,32.98,20.71,34.92270492320716,20.901732003810597
67.98726677894592,1,33.31,20.54,35.13647876199602,20.919907097754514
68.98789596557617,1,33.6,20.58,35.350444270183466,20.938276398563133
69.98852252960205,1,33.82,20.64,35.563398105968524,20.956736866553186
70.98915100097656,1,34.11,20.67,35.77534456172817,20.975287639177676
71.98978185653687,1,34.3,20.67,35.98628706289767,20.9939277830271
72.99040055274963,1,34.63,20.74,36.19622589264788,21.012656086268958
73.99104237556458,1,34.92,20.71,36.405171775662616,21.031472274387347
74.99166893959045,1,35.11,20.83,36.6131200258342,21.050374693455613
75.98986959457397,1,35.4,20.87,36.81957663190234,21.069316562763056
76.99051642417908,1,35.59,20.8,37.025552591049006,21.088389412843625
77.99178552627563,1,35.92,20.93,37.23067127621998,21.107557944668457
78.99249649047852,1,36.11,20.74,37.434694129906966,21.12679864754144
79.99304175376892,1,36.4,20.83,37.63770558111385,21.146118060108734
80.99131989479065,1,36.69,21.06,37.83928615483396,21.16547439834674
81.99187588691711,1,36.79,20.9,38.04035694584896,21.18495488116935
82.99250054359436,1,36.98,21.09,38.240473943401696,21.20451587195088
83.99312591552734,1,37.3,21.03,38.43962682014303,21.224155147237244
84.99309730529785,1,37.66,21.06,38.63768957708396,21.243858881715056
86.00750684738159,1,37.66,21.09,38.83763499688369,21.2639251420999
87.00746989250183,1,37.98,21.09,39.03377317742679,21.283781651568773
88.02488541603088,1,38.33,21.16,39.23236010154384,21.30406125869113
89.02618741989136,1,38.43,21.16,39.426845602908045,21.324094161175164
90.02613806724548,1,38.62,21.32,39.620125303207196,21.344172873709688
91.02438545227051,1,38.95,21.32,39.812138857259875,21.36428912129568
92.02496027946472,1,39.2,21.38,40.003664058677025,21.38452332229106
93.02557182312012,1,39.56,21.38,40.19426247838652,21.404828532480067
94.02620887756348,1,39.65,21.38,40.383935267434055,21.425203661990047
95.02683687210083,1,39.85,21.41,40.57267922282466,21.445647143036865
96.02584171295166,1,40.23,21.45,40.76019551548017,21.46612497152609
97.02646374702454,1,40.46,21.67,40.94709574505765,21.48670271083062
98.0270745754242,1,40.56,21.61,41.13307690880911,21.507346179229987
99.02705812454224,1,40.75,21.67,41.31802874437775,21.528041752968957
100.02768778800964,1,41.01,21.7,41.502190116370706,21.548814940399993
101.04395008087158,1,41.23,21.77,41.688328029492425,21.64537937861091
102.06019568443298,1,41.52,22.06,41.87358599354729,21.741675116408334
103.06148505210876,1,41.59,21.9,42.055262838564985,21.836292744724865
104.0795829296112,1,41.91,22.16,42.23912270026767,21.932233512480547
105.08020091056824,1,42.2,22.06,42.41897719675117,22.026266836051676
106.08083200454712,1,42.39,22.06,42.59799567176913,22.12004375042162
107.08145904541016,1,42.72,22.16,42.77617795974513,22.213562973120897
108.08208465576172,1,42.65,22.19,42.953527451690626,22.306825081822254
109.08270907402039,1,42.91,22.35,43.130047110353296,22.39983043085867
110.0834891796112,1,43.17,22.54,43.30576733663315,22.492593874168264
111.08330965042114,1,43.26,22.48,43.48049620789292,22.585012672109062
112.08430790901184,1,43.62,22.41,43.654609908262294,22.67728464761216
113.10057353973389,1,43.71,22.25,43.8305418428699,22.77070258708378
114.10080575942993,1,43.84,22.45,44.00287723895468,22.862389869614507
115.10143423080444,1,44.2,22.61,44.17446898302826,22.953858880831017
116.10016250610352,1,44.2,22.74,44.34492800478064,23.044900607248735
117.1168053150177,1,44.55,22.86,44.51761968330505,23.137315525481135
118.13323044776917,1,44.65,22.7,44.68944543139678,23.22944892747041
119.1496000289917,1,44.88,22.77,44.86043604232729,23.321315968873304
120.14986419677734,1,44.97,22.93,45.02791389443351,23.411472488634747
121.14881181716919,1,45.0,23.15,45.19437897655974,23.501258423773468
122.14917588233948,1,45.42,23.22,45.3602894993346,23.59091971900373
123.1493833065033,1,45.42,23.32,45.52538597488085,23.680315245384495
124.15001034736633,1,45.58,23.19,45.68976611478781,23.769496749618742
125.15505337715149,1,45.78,23.32,45.854083654954835,23.858818930238716
126.15567302703857,1,45.91,23.41,46.01689634135579,23.947496544874983
127.17193150520325,1,46.07,23.41,46.181458320885504,24.037303669050154
128.1719033718109,1,46.33,23.67,46.34260362157863,24.125419633978535
129.1731972694397,1,46.55,23.67,46.50319024252178,24.213402075705716
130.1738202571869,1,46.71,23.83,46.6629006997725,24.301075979988
131.17458391189575,1,46.81,23.7,46.821868033872285,24.38851300272271
132.1750729084015,1,47.0,23.9,46.98002931478617,24.475677255188188
133.17568516731262,1,47.1,23.93,47.13745050712761,24.562603810506435
134.1763105392456,1,47.32,24.06,47.29411701064303,24.649283398832385
135.1769540309906,1,47.36,24.12,47.45003245572177,24.735716793119366
136.17757439613342,1,47.61,24.09,47.605193300357485,24.821900784133604
137.17821431159973,1,47.68,24.31,47.75960904269056,24.90783940151782
138.19445657730103,1,47.94,24.25,47.9156697191379,24.994865501064904
139.1864857673645,1,47.97,24.51,48.067273522193034,25.079573026281142
140.18721985816956,1,47.97,24.35,48.2194712015175,25.16477887681254
141.1945252418518,1,48.16,24.6,48.371924232736454,25.250296119747166
142.19449543952942,1,48.39,24.67,48.52253162559701,25.334944776427893
143.195951461792,1,48.61,24.86,48.67263124462765,25.419474070197356
144.1961154937744,1,48.65,24.93,48.821809388014564,25.503649822927247
145.2127923965454,1,48.77,25.18,48.972707948980535,25.588965285815323
146.21287155151367,1,49.06,25.02,49.12041551447791,25.67264234394763
147.20976543426514,1,49.06,25.18,49.266937394524255,25.755810844875334
148.2104012966156,1,49.29,25.31,49.413293976660576,25.83904887076244
149.22664880752563,1,49.29,25.35,49.561203402506685,25.923337093356892
150.2429051399231,1,49.52,25.47,49.70838082760538,26.007376039929472
151.24563574790955,1,49.55,25.7,49.85288359256127,26.090051814675757
152.26195406913757,1,49.84,25.64,49.99862185439667,26.17360029372784
153.26285219192505,1,49.87,25.8,50.141440738712426,26.255637863171444
154.25959491729736,1,50.13,25.8,50.28297113275262,26.337095305933854
155.25959372520447,1,50.16,25.8,50.424269155241426,26.418579006049175
156.27770256996155,1,50.22,25.99,50.5674141240416,26.501291963055895
157.2780406475067,1,50.51,26.12,50.70736372483441,26.582319409470458
158.27827787399292,1,50.55,26.05,50.84661144959899,26.663099442396692
159.2789068222046,1,50.64,26.25,50.98522836417882,26.74367210966531
160.27953839302063,1,50.74,26.25,51.12316295031779,26.824006311523927
161.28016781806946,1,50.93,26.41,51.260417334619646,26.90410203850481
162.28081727027893,1,51.16,26.51,51.39699732002259,26.983961433484343
163.27294731140137,1,51.19,26.51,51.53174868194471,27.062906377074494
164.26898980140686,1,51.29,26.67,51.666367283088825,27.141928090675258
165.2695140838623,1,51.51,26.54,51.80092440443863,27.221069146618667
166.26213765144348,1,51.71,26.51,51.93376089330941,27.299351674050847
167.26204013824463,1,51.74,26.8,52.066911495380154,27.377973399161178
168.2626838684082,1,51.84,26.89,52.199500419099486,27.456417817234403
169.26396250724792,1,52.06,26.86,52.33151495926741,27.53467648706233
170.26458406448364,1,52.13,26.86,52.462787534917204,27.61264881781369
171.25504231452942,1,52.16,26.96,52.59208429114096,27.68959822090245
172.2550151348114,1,52.13,27.21,52.72197735903157,27.767054091342334
173.2556447982788,1,52.42,27.21,52.851308992258375,27.844327152842478
174.25627446174622,1,52.38,27.15,52.979996374012565,27.921366835820084
175.25690293312073,1,52.48,27.44,53.10804206440456,27.998173434753713
176.2554497718811,1,52.54,27.54,53.235184537326425,28.074588370645007
177.25543117523193,1,52.71,27.34,53.36187481360582,28.150881336368048
178.25671076774597,1,52.74,27.57,53.488095706509256,28.22704136503916
179.2573275566101,1,52.87,27.63,53.61360210110019,28.302919466870357
180.2579481601715,1,53.03,27.76,53.73848091812199,28.378566811348215
181.25662541389465,1,52.96,27.7,53.86249364191831,28.45383725297111
182.25724148750305,1,53.13,27.89,53.98612502034682,28.529023784214488
183.2578570842743,1,53.19,27.92,54.10913629897894,28.603980409688447
184.2584798336029,1,53.42,27.86,54.23153106939318,28.678708092201326
185.2591209411621,1,53.54,27.79,54.35331333253536,28.75320805428085
186.25597763061523,1,53.67,28.18,54.47402637012262,28.827198855017176
187.256587266922,1,53.67,28.05,54.594585571416,28.90124035426817
188.25906825065613,1,53.71,28.28,54.714761736342645,28.97519179471815
189.25963711738586,1,53.96,28.34,54.834103977914864,29.048774488473175
190.2596082687378,1,54.0,28.25,54.952773965818345,29.122086352414204
191.25677680969238,1,54.25,28.63,55.07051569821257,29.194967289624913
192.24997544288635,1,54.25,28.44,55.18719996943637,29.267334671186124
193.24781227111816,1,54.41,28.6,55.30384006467843,29.33981587929829
194.2484622001648,1,54.61,28.76,55.4202186183997,29.412276227363968
195.24192070960999,1,54.58,28.7,55.535178497029314,29.483993127463332
196.23388671875,1,54.58,28.83,55.649389311556696,29.55538128928114
197.22844243049622,1,54.74,28.67,55.763322637548384,29.626734523124913
198.22765398025513,1,54.83,29.15,55.87721140619409,29.69819903917166
199.22843503952026,1,55.03,29.02,55.99070099109518,29.769552420773103
200.228924036026,1,54.96,29.18,56.10358173734135,29.840661920786133
201.22953176498413,1,55.22,29.18,55.95858255282872,29.911437740084363
202.22948622703552,1,55.16,29.44,55.81453653673796,29.9817082707709
203.2301366329193,1,55.32,29.34,55.67124347136365,30.05157117465728
204.2307448387146,1,55.38,29.5,55.52880402779877,30.120977328807136
205.2349660396576,1,55.45,29.5,55.38669656331019,30.190180701264318
206.23623156547546,1,55.45,29.79,55.24584564731112,30.258731020135663
207.2362208366394,1,55.54,29.57,55.10600399567344,30.326748919584368
208.23750281333923,1,55.7,29.89,54.9668066979851,30.39441191756081
209.23747658729553,1,55.57,29.86,54.82860968868287,30.461547033858707
210.23810482025146,1,55.64,30.05,54.69113534550531,30.52828922001619
211.23505282402039,1,55.64,29.99,54.554970022989586,30.5943540486867
212.23568892478943,1,55.45,29.86,54.41910187695936,30.66023250403836
213.23691034317017,1,55.51,30.28,54.28395190067263,30.72572025069764
214.23665595054626,1,55.38,30.12,54.14979185975859,30.790685730350422
215.2529158592224,1,55.41,30.34,54.01422001560515,30.856291065116665
216.25318241119385,1,55.38,30.41,53.88156822142602,30.92044005396397
217.26940894126892,1,55.32,30.57,53.74759345596253,30.985184671273913
218.270033121109,1,55.16,30.5,53.616451883501966,31.048516483393293
219.27220559120178,1,55.09,30.6,53.48587420351484,31.111532422180215
220.27283096313477,1,55.09,30.79,53.35625858579247,31.1740404409755
221.27120566368103,1,54.93,30.86,53.22768676494174,31.23600148508434
222.27169728279114,1,54.83,30.86,53.099591082871534,31.29768924636849
223.27220964431763,1,54.77,31.02,52.97223731111808,31.358975718565503
224.2728374004364,1,54.67,31.11,52.84560858106274,31.41986914000931
225.2734649181366,1,54.51,31.08,52.719714720771485,31.480364911897773
226.28859114646912,1,54.45,31.24,52.59274257016277,31.54133348361607
227.30485153198242,1,54.38,31.44,52.46637599282801,31.601965404361334
228.30613374710083,1,54.25,31.4,52.34259836365412,31.66131012313887
229.30675053596497,1,54.09,31.53,52.21961857083588,31.720227595908906
230.3074471950531,1,54.03,31.66,52.09733964722334,31.778764477642422
231.30482959747314,1,53.93,31.82,51.976168220029045,31.836726491576094
232.30547976493835,1,53.64,31.86,51.85529994369911,31.894498566336186
233.30609130859375,1,53.58,31.73,51.7351329664211,31.95189035179724
234.30671286582947,1,53.32,31.95,51.61565682828754,32.00890702398079
235.3067066669464,1,53.35,32.08,51.496942492003406,32.06551494251772
236.30733633041382,1,53.19,32.11,51.37883544079186,32.121787973782155
237.30796551704407,1,53.09,32.18,51.26140695341034,32.17769230418594
238.30895614624023,1,52.9,32.21,51.144610474934225,32.233250267878894
239.30927205085754,1,52.77,32.4,51.02856217951789,32.28840682360704
240.30233120918274,1,52.71,32.44,50.91401340046614,32.34280561377781
241.2953543663025,1,52.48,32.4,50.80011973851963,32.396848341882745
242.2997763156891,1,52.42,32.66,50.68557660797486,32.451153467397546
243.30042457580566,1,52.22,32.69,50.57211747930665,32.50489883845382
244.30103659629822,1,52.09,32.63,50.45931060085609,32.55828945630075
245.30166602134705,1,51.96,32.69,50.347145696999796,32.611330407108426
246.2944793701172,1,51.96,32.82,50.2364892306807,32.663612713836635
247.29900360107422,1,51.8,32.98,50.12516435949597,32.71616483746635
248.29925155639648,1,51.71,33.02,50.01494579714533,32.7681487228193
249.29989743232727,1,51.51,33.27,49.90531072672297,32.8198114570914
250.29878902435303,1,51.29,33.02,49.79648964150637,32.871044757281446
251.30330634117126,1,51.19,33.34,49.6876781284971,32.92222731731061
252.30335307121277,1,51.13,33.18,49.57996692083128,32.97284624439626
253.30492115020752,1,50.87,33.4,49.47270395784692,33.023208427261416
254.30582976341248,1,50.71,33.21,49.36611965233048,33.07320587263159
255.30580258369446,1,50.64,33.56,49.260238081681834,33.12282764936571
256.3031859397888,1,50.45,33.34,49.15522731485838,33.17199548963984
257.3194477558136,1,50.48,33.95,49.04883783794143,33.22176178343074
258.31356739997864,1,50.19,33.5,48.94535725054007,33.27012138845056
259.3070583343506,1,50.1,33.89,48.842522204767135,33.31813387813594
260.30768513679504,1,49.9,33.95,48.739530989204916,33.36617337592681
261.3047115802765,1,49.74,34.05,48.637488044660905,33.41372474460703
262.30532121658325,1,49.71,33.92,48.53565445445695,33.46113258560323
263.3059651851654,1,49.48,34.01,48.43439085372822,33.5082290296878
264.3065986633301,1,49.48,33.98,48.33369815812652,33.55501392446046
265.30720138549805,1,49.29,34.11,48.23357475833099,33.601488297819664
266.3084876537323,1,49.19,34.21,48.133946142493784,33.647686970493076
267.3091208934784,1,49.1,34.05,48.03494176464564,33.69355019307548
268.3097400665283,1,48.84,34.43,47.93649431160858,33.739109477890906
269.31036257743835,1,48.94,34.3,47.83859855513675,33.78436753074674
270.31033205986023,1,48.61,34.4,47.74131469647273,33.82929685218565
271.3070526123047,1,48.45,34.79,47.644888650264214,33.87378442629511
272.3076810836792,1,48.26,34.47,47.54862515913891,33.91815126496382
273.29986333847046,1,48.16,34.53,47.45370571078604,33.96185343313858
274.29106760025024,1,48.03,34.53,47.3594049826845,34.00522581314905
275.28235912323,1,48.13,34.76,47.265617658915254,34.04831719272696
276.2802724838257,1,47.87,34.66,47.17172752569899,34.09141053069263
277.2809097766876,1,47.74,34.88,47.078105406510346,34.13433528490053
278.2790997028351,1,47.68,34.85,46.98523209397665,34.17687129745398
279.2753210067749,1,47.58,34.76,46.89305637389529,34.21904262676019
280.27663397789,1,47.52,35.01,46.80092418917183,34.26114859964182
281.27992153167725,1,47.23,35.08,46.70912457964476,34.303056942182984
282.2805314064026,1,47.2,34.98,46.618079486500214,34.34457538556951
283.27258229255676,1,47.0,35.43,46.52831237609534,34.385466289143956
284.2728304862976,1,46.91,35.21,46.43830364163402,34.426422198960395
285.27413630485535,1,46.91,35.24,46.34869959817894,34.46714870780159
286.2656817436218,1,46.71,35.4,46.2604587757692,34.50721104625923
287.2663040161133,1,46.65,35.56,46.17190123179009,34.547372284429386
288.2669241428375,1,46.39,35.17,46.083834126348854,34.58726606963064
289.2675530910492,1,46.26,35.34,45.996253469494974,34.626894523916285
290.26332569122314,1,45.87,35.01,45.90957857217377,34.66606855908147
291.2589108943939,1,45.78,35.14,45.82339643962025,34.70497548760437
292.25459718704224,1,45.68,35.14,45.73767911613562,34.74362824926191
293.2450637817383,1,45.58,35.66,45.65287814332825,34.78182388347868
294.26134753227234,1,45.68,35.34,45.56634793616555,34.82075293926539
295.2619411945343,1,45.52,35.43,45.48162683240327,34.85882319592498
296.2668595314026,1,45.36,35.43,45.39700919343447,34.89680219304339
297.2674992084503,1,45.26,35.56,45.313216611410546,34.934366378299465
298.26784348487854,1,45.04,35.4,45.22990950491591,34.971668615895965
299.2686779499054,1,45.0,35.56,45.14701976533265,35.008739713528186
300.2693877220154,0,45.0,35.59,45.06459576772474,35.045558336429586
301.27002358436584,0,44.94,36.01,44.98264817294913,35.12666490471184
302.2677810192108,0,44.78,35.69,44.90141930348739,35.207082556636514
303.26840353012085,0,44.62,35.98,44.8204385087144,35.28727662833279
304.2691226005554,0,44.42,35.79,44.73992894636581,35.367025622916536
305.26966166496277,0,44.39,35.79,44.65990978836957,35.446309950072056
306.28526163101196,0,44.29,35.75,44.579169717511256,35.5263296752332
307.2865562438965,0,44.1,36.24,44.500040868691386,35.60477290717956
308.2871527671814,0,44.17,35.88,44.421434310411904,35.682718110146695
309.2877986431122,0,44.0,36.37,44.34328793414284,35.760226289412486
310.30339312553406,0,43.97,36.5,44.26444565908567,35.83844395485871
311.3024163246155,0,43.78,36.5,44.18735037807794,35.91494697124626
312.3023200035095,0,43.68,36.14,44.110641623294384,35.99108438048788
313.3029637336731,0,43.62,36.37,44.034328422576635,36.06684673904121
314.3042302131653,0,43.52,36.69,43.95841780958435,36.142226580346
315.30486845970154,0,43.42,36.59,43.88300180743334,36.21713201308565
316.30170607566833,0,43.23,36.59,43.80831377345822,36.29133064822656
317.30299186706543,0,43.2,36.66,43.73373332646356,36.36543832338915
318.3036198616028,0,43.07,36.95,43.65964053330701,36.43907698471796
319.3114664554596,0,42.97,37.01,43.585453725757496,36.51282440303543
320.32770228385925,0,42.78,36.98,43.511094193878144,36.5867586926526
321.3181109428406,0,42.72,37.08,43.43905154655814,36.65840362885753
322.3180742263794,0,42.68,37.14,43.36673891811061,36.73033098757824
323.31937074661255,0,42.62,37.27,43.29475514095096,36.80194490737707
324.3201551437378,0,42.52,37.01,43.22323075598047,36.873115091816615
325.3206295967102,0,42.46,36.95,43.15214816658856,36.943858598083395
326.3266761302948,0,42.36,37.4,43.08109014399165,37.014590334489974
327.32793641090393,0,42.3,37.46,43.01078619420959,37.084583735556535
328.32857394218445,0,42.07,37.56,42.940938028211285,37.15413525684854
329.32919907569885,0,42.07,37.59,42.8715000929955,37.22328983828338
330.32917761802673,0,41.97,37.53,42.802513458829324,37.29200616472704
331.32025837898254,0,42.04,37.62,42.73453908323651,37.359724927969836
332.3365194797516,0,41.81,37.62,42.665247011876914,37.428767192196155
333.35294818878174,0,41.78,37.88,42.59635549118888,37.4974209152606
334.3532118797302,0,41.72,37.79,42.52895932581871,37.5645944397431
335.35364031791687,0,41.65,37.88,42.461946212387694,37.631395783062985
336.3516170978546,0,41.56,38.2,42.39548763518002,37.69765360862675
337.3522415161133,0,41.39,37.88,42.32924171596117,37.763708408640476
338.35258650779724,0,41.36,38.14,42.26340122115297,37.829367654573126
339.3528251647949,0,41.33,38.08,42.19795214945685,37.89464495955163
340.3541259765625,0,41.3,38.24,42.13281622067961,37.9596180711624
341.35485196113586,0,41.07,38.56,42.06809784531851,38.02418251245906
342.3553628921509,0,41.1,38.37,42.00377096666411,38.08836394134004
343.3560085296631,0,41.14,38.3,41.93981072812543,38.15218683547946
344.35662055015564,0,40.94,38.56,41.87622563764499,38.21564239010976
345.35727047920227,0,40.88,38.85,41.81300885970909,38.278737116150666
346.3728446960449,0,40.75,38.78,41.74922595265338,38.34240349015211
347.37413144111633,0,40.78,38.78,41.686709614918136,38.404811864352766
348.3748598098755,0,40.75,39.01,41.62459220584225,38.46682794524501
349.3754024505615,0,40.62,38.85,41.56284795623973,38.52847716401392
350.37602186203003,0,40.52,38.82,41.50145839126247,38.58977768207295
351.37102913856506,0,40.56,38.98,41.44076737779085,38.650385809915285
352.37166476249695,0,40.36,39.14,41.38008712780024,38.710988123708454
353.3716194629669,0,40.3,39.33,41.31980070773993,38.771201817691384
354.37226724624634,0,40.27,39.4,41.259823128893146,38.83111151419813
355.37289333343506,0,40.23,39.33,41.2001954433,38.89067595299742
356.37696719169617,0,40.17,39.33,41.14071055294059,38.95010177830921
357.36801648139954,0,40.01,39.24,41.08233728885159,39.008420817228995
358.36866426467896,0,39.94,39.46,41.023739289478314,39.06696792699107
359.36929392814636,0,39.88,39.69,40.96548252237551,39.12517744311372
360.36992263793945,0,39.91,39.85,40.907563903996625,39.18305221058932
361.362890958786,0,39.78,39.46,40.85042087456161,39.24015485612577
362.3635742664337,0,39.72,39.65,40.793166609862126,39.29737135179478
363.3641564846039,0,39.49,39.78,40.73625008196851,39.35425283052687
364.3647847175598,0,39.62,39.75,40.6796608753545,39.41080948282344
365.3651325702667,0,39.53,39.91,40.623415326926164,39.467024766323995
366.36655926704407,0,39.53,39.88,40.567435409184725,39.5229764588452
367.36303520202637,0,39.49,39.72,40.51205432159737,39.57833131349669
368.36365365982056,0,39.4,39.82,40.45676433356433,39.6335966172173
369.36428117752075,0,39.27,40.3,40.401793891868614,39.68854383721425
370.3646297454834,0,39.27,39.98,40.34715674792468,39.743159033715294
371.3817219734192,0,39.24,39.98,40.29192906501599,39.79836550512164
372.38233518600464,0,39.14,40.27,40.23791300370027,39.85236159498993
373.39859771728516,0,39.17,40.43,40.183371816580724,39.90688321929623
374.41485500335693,0,38.95,40.52,40.129151088080214,39.96108492520124
375.4311168193817,0,39.01,40.4,40.075248327719045,40.01496901954955
376.430198431015,0,38.91,40.3,40.02256510060046,40.06763406985036
377.4304678440094,0,38.82,40.46,39.97012358664521,40.12005738956639
378.42974829673767,0,38.78,40.59,39.91803616211395,40.172126478424126
379.43008160591125,0,38.82,40.59,39.86619459921211,40.223949366395885
380.4303140640259,0,38.72,40.62,39.81465730134889,40.27546751421542
381.43094205856323,0,38.72,40.65,39.76339701810605,40.32670800890564
382.4317035675049,0,38.62,40.65,39.7124256129284,40.37765884130417
383.4321961402893,0,38.62,40.65,39.661761740392606,40.42830121821842
384.4334921836853,0,38.59,40.56,39.61134955648428,40.47869081590859
385.43411660194397,0,38.49,40.75,39.561261624089134,40.52875496389199
386.4341027736664,0,38.53,41.1,39.511493954802454,40.578497514871316
387.4347302913666,0,38.46,40.81,39.461981129825,40.627983721266105
388.43535900115967,0,38.3,41.14,39.412753375065755,40.677183241560975
389.43664026260376,0,38.3,41.07,39.36377720761265,40.72612941034093
390.43725299835205,0,38.27,41.04,39.31511553383468,40.774759235561284
391.43789315223694,0,38.17,41.17,39.2667325439905,40.823108384280715
392.43786549568176,0,38.2,41.17,39.21865990444092,40.87114509629102
393.4391539096832,0,37.95,41.23,39.17080083970586,40.91896595709306
394.4397599697113,0,38.01,41.23,39.12324947070499,40.96647680609358
395.4397473335266,0,38.04,41.23,39.07600058709521,41.013682744713115
396.4411518573761,0,38.01,41.39,39.028956681634746,41.06068108142506
397.43697142601013,0,37.95,41.3,38.982443388494836,41.10714641190569
398.43760085105896,0,37.91,41.39,38.93597325477511,41.15356558886479
399.43900871276855,0,37.88,41.36,38.889734140906086,41.199750833593754
400.4388589859009,0,37.79,41.43,38.84383200199995,41.24559622218623
401.44134426116943,0,37.59,41.62,38.97452126749079,41.29136752623995
402.44196105003357,0,37.62,41.59,39.10436325253746,41.33693166318425
403.44260358810425,0,37.56,41.46,39.23360769987743,41.382375366023275
404.44256830215454,0,37.66,41.56,39.362166590572215,41.42766694181287
405.4428668022156,0,37.62,41.59,39.49017255443958,41.472852413304935
406.45932269096375,0,37.53,41.68,39.61963801706151,41.51864369579513
407.45963501930237,0,37.5,41.81,39.74645110000107,41.56358577469265
408.45992732048035,0,37.66,41.75,39.8726725185566,41.60840613966215
409.4605383872986,0,37.59,41.72,39.99834701201099,41.65312005995365
410.4539866447449,0,37.56,41.78,40.122543141764545,41.697394586679366
411.47534799575806,0,37.59,41.65,40.24962996816141,41.74278931068208
412.47543716430664,0,37.82,41.88,40.37348387087302,41.78711711904225
413.47605180740356,0,37.75,41.91,40.49682476297756,41.831348080924464
414.4766972064972,0,37.88,41.94,40.61959341569595,41.8754603730612
415.47796726226807,0,37.95,41.88,40.741864362333715,41.91948020494437
416.47534251213074,0,37.82,41.75,40.863090730653035,41.96320961564019
417.47664046287537,0,37.91,42.01,40.98422489945817,42.00699150136884
418.4766185283661,0,38.11,41.97,41.10463263238568,42.05059631027939
419.4772262573242,0,38.08,41.97,41.224551476924844,42.09410932522874
420.47787380218506,0,38.11,42.1,41.34391238649393,42.13750492428144
421.4756133556366,0,38.17,41.91,41.46236834865719,42.1806559280826
422.47624349594116,0,38.17,41.94,41.580610008411874,42.22381326994993
423.47752141952515,0,38.27,41.75,41.69837158052604,42.26687973722276
424.4781451225281,0,38.53,41.78,41.81550213616188,42.309799480192964
425.47896337509155,0,38.53,42.01,41.93210360398759,42.35260913764862
426.47702646255493,0,38.59,41.91,42.04783661669623,42.39518314117873
427.477698802948,0,38.66,42.1,42.163325517254385,42.43775049599611
428.4782841205597,0,38.82,41.94,42.27825923304456,42.48019621182454
429.47891569137573,0,38.95,41.94,42.39265527964348,42.52252610225662
430.4795401096344,0,38.88,41.78,42.5065096885459,42.5647380543572
431.4801287651062,0,39.01,41.78,42.619821403458275,42.60683102245239
432.48079013824463,0,39.11,42.1,42.732604839411714,42.64880971783191
433.4814121723175,0,39.2,41.81,42.844849495178636,42.69066958846245
434.48205280303955,0,39.3,41.81,42.95656403719495,42.73241321689741
435.4826760292053,0,39.46,41.68,43.06774659144539,42.77403925680965
436.48264479637146,0,39.56,41.91,43.17832904542656,42.815521480398246
437.4832549095154,0,39.72,42.1,43.2884568429466,42.8569138011778
438.4838809967041,0,39.72,41.94,43.398062768911096,42.898190391754476
439.4829511642456,0,39.85,41.85,43.50697797180992,42.939286836193524
440.4835810661316,0,39.94,41.85,43.615544226537494,42.98033145339333
441.4848573207855,0,40.04,41.78,43.7236628353107,43.02128655271867
442.4854850769043,0,40.17,41.81,43.8311960949485,43.062099330783454
443.4861161708832,0,40.3,41.91,43.9382166626031,43.102796646003384
444.4860682487488,0,40.4,42.07,44.04465417871314,43.14335102313321
445.4872558116913,0,40.43,41.68,44.150714100999906,43.183840171945064
446.48751187324524,0,40.69,41.75,44.25616873239665,43.22417656586072
447.50396752357483,0,40.75,42.04,44.36281465222541,43.26504855219513
448.52022647857666,0,40.72,41.94,44.46892151202831,43.30579421452858
449.51665782928467,0,41.04,42.01,44.57245698560116,43.34563011716928
450.5172770023346,0,41.14,41.75,44.67593028111876,43.385519223904986
451.5190918445587,0,41.1,41.97,44.77903003415577,43.425341495574365
452.5195982456207,0,41.3,41.91,44.881500687903795,43.46499757739084
453.51987051963806,0,41.33,41.81,44.9834554727549,43.50453047978859
454.5363266468048,0,41.46,41.85,45.08655810886688,43.544586507945624
455.53656482696533,0,41.56,41.97,45.18752406855867,43.58388896077319
456.53783535957336,0,41.72,42.07,45.288107854882824,43.62311842408741
457.55344891548157,0,41.75,41.81,45.389637442409544,43.662793948977686
458.55474519729614,0,41.81,42.1,45.489249739419016,43.7017960700121
459.5553689002991,0,42.07,41.97,45.588315089083025,43.740658994649316
460.5577552318573,0,42.07,41.97,45.68707582922324,43.77947728759162
461.5533893108368,0,42.17,42.04,45.784698596811715,43.81792221309409
462.5540363788605,0,42.33,41.72,45.88234022671458,43.85644853071822
463.55466389656067,0,42.3,41.81,45.97950811242394,43.89486181004692
464.5709297657013,0,42.39,42.04,46.077713697955666,43.933760678058256
465.57220435142517,0,42.49,42.04,46.173998691566965,43.97197281072238
466.5707366466522,0,42.59,41.91,46.269555474141754,44.00996883413443
467.5713596343994,0,42.81,41.91,46.36484898426896,44.047932933282
468.57198667526245,0,42.91,42.01,46.45968102396771,44.085785762368275
469.5727696418762,0,42.88,41.91,46.55406784923497,44.12353321299308
470.58886885643005,0,42.88,42.01,46.649430577139555,44.16174468574549
471.6051199436188,0,43.04,41.91,46.74433732009391,44.19984748741792
472.6057538986206,0,43.3,41.97,46.837328096775835,44.237253158382615
473.60643458366394,0,43.33,42.07,46.92987119106889,44.274550018589565
474.606360912323,0,43.33,41.94,47.02189494046986,44.31170850290381
475.6076304912567,0,43.52,42.04,47.11359393230818,44.34880663963202
476.60760021209717,0,43.49,41.88,47.20472800665957,44.385746667871544
477.60824823379517,0,43.71,42.04,47.29547979025487,44.42260194250956
478.6095063686371,0,43.71,42.04,47.38584416561117,44.45936991755778
479.609500169754,0,43.84,42.01,47.47565431216671,44.49598204536034
480.6101095676422,0,43.97,42.01,47.565081407028494,44.532507439403815
481.61140847206116,0,44.13,42.17,47.654133105718664,44.5689487628097
482.61203360557556,0,44.17,42.1,47.74269005462382,44.6052565772417
483.6112689971924,0,44.2,42.1,47.830692123704594,44.641405419915316
484.6118960380554,0,44.23,41.94,47.9183861540058,44.67749609157354
485.61254048347473,0,44.49,42.07,48.00565268074493,44.71347897725293
486.61315512657166,0,44.42,42.07,48.09248947258419,44.749352562595256
487.6137762069702,0,44.58,42.23,48.17890156138413,44.7851183322646
488.6143980026245,0,44.68,41.88,48.26489031461956,44.820776262654825
489.61474657058716,0,44.84,41.97,48.35043422339791,44.8563168180956
490.63100814819336,0,44.94,42.33,48.43690941356991,44.89231271667901
491.64746356010437,0,45.07,42.01,48.52297000654016,44.92820475522384
492.66380071640015,0,44.97,42.01,48.60859146186152,44.96398209386645
493.6637659072876,0,45.07,42.2,48.69241674023359,44.99907542861117
494.6643943786621,0,45.36,42.17,48.77588551544645,45.034085320385806
495.66502141952515,0,45.33,42.39,48.85894375612781,45.06898859160532
496.6638197898865,0,45.42,42.3,48.94144272914446,45.10372198277553
497.66475224494934,0,45.58,42.46,49.02371137646873,45.13842343660382
498.6803529262543,0,45.68,42.33,49.106771470220075,45.17352500550419
499.6816518306732,0,45.75,42.3,49.18825532558051,45.208025548384896
500.68226408958435,0,45.71,42.33,49.26928182885479,45.24239676376701
501.68052339553833,0,45.87,42.07,49.34967526967619,45.172927766227666
502.6811373233795,0,45.91,41.91,49.42977258240993,45.1037232741537
503.6817636489868,0,46.04,41.81,49.509387277828395,45.034944033821226
504.6824448108673,0,46.13,41.81,49.58852539900548,44.9665844206059
505.68301463127136,0,46.23,41.91,49.66717654637577,44.89865301979019
506.68363189697266,0,46.33,41.91,49.7453559361673,44.83113629857955
507.68424892425537,0,46.45,41.97,49.82306248496445,44.76403481078016
508.6848738193512,0,46.52,41.85,49.90029947985243,44.69734534289363
509.6854901313782,0,46.52,41.85,49.9770683015773,44.63106633479677
510.6861207485199,0,46.65,41.78,50.05337333942307,44.565193636156714
511.686740398407,0,46.58,41.81,50.12921528831318,44.499726293206066
512.6873693466187,0,46.84,41.72,50.204598297144415,44.43466037756273
513.6879754066467,0,46.97,41.62,50.27952254937699,44.36999539055431
514.6886029243469,0,47.03,41.75,50.353993952821185,44.30572589977562
515.6893563270569,0,47.0,41.65,50.428022753304695,44.24184273700596
516.6898510456085,0,47.13,41.78,50.50158315372653,44.17836784259304
517.6904673576355,0,47.16,41.52,50.57470575423315,44.11527449699373
518.6910877227783,0,47.32,41.39,50.64738441691314,44.052567689304425
519.6917207241058,0,47.32,41.56,50.7196222775567,43.99024441261054
520.6923320293427,0,47.45,41.43,50.79141937461365,43.92830433839738
521.6929626464844,0,47.55,41.33,50.86278115073371,43.86674248198677
522.6935904026031,0,47.58,41.17,50.93370850011615,43.80555778878386
523.6941974163055,0,47.68,41.3,51.004202644507295,43.744748927424446
524.694821357727,0,47.81,41.2,51.07426870190789,43.68431121152252
525.6954438686371,0,47.97,41.3,51.14390782625012,43.62424337995107
526.6941425800323,0,48.1,41.07,51.21298988842521,43.5646574127588
527.6947450637817,0,48.1,41.1,51.28178208334178,43.50532258972472
528.6953992843628,0,48.29,41.04,51.350158257427736,43.446347475520916
529.696017742157,0,48.42,40.94,51.41811482257142,43.38773492126653
530.6966452598572,0,48.32,41.01,51.485657228475645,43.329479988223824
531.6939811706543,0,48.52,40.94,51.552567081320674,43.271770806098374
532.6946256160736,0,48.61,40.88,51.619289523355405,43.21422321619774
533.6952304840088,0,48.74,40.98,51.68560164752539,43.157029251370595
534.6960999965668,0,48.71,41.04,51.75152581990829,43.100169403040425
535.7114651203156,0,48.87,40.72,51.81799276975153,43.04284068416743
536.7096025943756,0,48.97,40.59,51.882929849463835,42.98683057718249
537.7265677452087,0,48.94,40.52,51.948684167407755,42.93011442141976
538.7271637916565,0,49.06,40.49,52.01298083966242,42.874654205121516
539.7434358596802,0,49.13,40.56,52.07788181049578,42.81867116362504
540.7440304756165,0,49.23,40.75,52.14138709125065,42.76389027943487
541.7427449226379,0,49.45,40.33,52.204384974384425,42.709545156102756
542.7392387390137,0,49.35,40.46,52.266858598295634,42.655650173225666
543.7397878170013,0,49.48,40.4,52.32920258463361,42.601864716739286
544.7401497364044,0,49.58,40.2,52.391152581823164,42.54841666423705
545.740392446518,0,49.64,40.07,52.45271518433516,42.49530016101771
546.7410168647766,0,49.81,40.04,52.513923273606366,42.4424866735133
547.7572786808014,0,49.84,40.4,52.575703166639656,42.38917669564258
548.7530353069305,0,49.87,40.04,52.6358626485032,42.33726176128385
549.7686281204224,0,50.13,40.14,52.696841585886816,42.2846362239867
550.769268989563,0,50.03,39.91,52.75655065600675,42.23310302134779
551.7739524841309,0,50.22,39.82,52.816131531012374,42.18167672366929
552.774578332901,0,50.19,39.88,52.87510598904896,42.13076996227803
553.7908411026001,0,50.42,40.01,52.934630589237756,42.079384188842155
554.7914900779724,0,50.51,40.01,52.99287703983183,42.029097579730106
555.7927632331848,0,50.61,39.98,53.05080079715562,41.97908521719045
556.7933962345123,0,50.58,39.65,53.1083308190036,41.929408317402505
557.7910485267639,0,50.71,39.78,53.16533654050388,41.88017952835862
558.7916853427887,0,50.77,39.69,53.22216087532445,41.83110260246657
559.7916629314423,0,50.9,39.4,53.27859772733907,41.782355408030725
560.7931191921234,0,50.9,39.43,53.334769373723205,41.7338322134632
561.7935798168182,0,51.0,39.43,53.39053881460447,41.6856512553623
562.7941908836365,0,51.06,39.46,53.44597240095341,41.637755115669194
563.7948191165924,0,51.13,39.33,53.501064677228534,41.59014840807633
564.795437335968,0,51.09,39.3,53.55581614721286,41.542830601751064
565.7960693836212,0,51.19,39.36,53.61023010692677,41.49579875591251
566.7966940402985,0,51.42,39.17,53.664307382084466,41.449052067743715
567.7987413406372,0,51.42,39.2,53.71812652054842,41.402522538474216
568.8150041103363,0,51.45,39.27,53.77236875391413,41.35562097983429
569.8156297206879,0,51.61,39.07,53.82544341160685,41.30972272703098
570.816241979599,0,51.58,39.07,53.878188945857204,41.264102767984596
571.8168654441833,0,51.77,38.95,53.9306085829445,41.21875823839338
572.817497253418,0,51.84,39.27,53.98270408393774,41.17368754368741
573.8181209564209,0,51.8,38.85,54.0344765025386,41.128889704092394
574.8187465667725,0,51.87,38.78,54.085928259967865,41.08436255927485
575.8190898895264,0,52.03,38.85,54.13704676685072,41.04011694457765
576.8355252742767,0,52.06,39.17,54.1886631062794,40.995433289828156
577.829229593277,0,52.16,38.75,54.23881080713617,40.95201395868981
578.8291862010956,0,52.13,38.82,54.288962188253024,40.90858429686082
579.8297963142395,0,52.19,39.14,54.33883506063164,40.86538854560135
580.835462808609,0,52.38,38.78,54.38864806166259,40.822237226764045
581.8361098766327,0,52.42,38.56,54.43790393370264,40.779561050373914
582.8373980522156,0,52.48,38.62,54.48688515994394,40.73711527276637
583.8529777526855,0,52.54,38.72,54.53625447254211,40.69432537448011
584.8692412376404,0,52.54,38.98,54.585345351252975,40.65176883350982
585.8705332279205,0,52.71,38.53,54.63340993010781,40.61009410016723
586.8711576461792,0,52.67,38.62,54.6811437071262,40.56869828840465
587.8717768192291,0,52.8,38.53,54.728580350837234,40.52755217567432
588.880720615387,0,52.87,38.78,54.77611283351856,40.48631477030953
589.8806731700897,0,52.9,38.66,54.82292744292841,40.44569199864714
590.881320476532,0,52.93,38.59,54.86948305089274,40.405285756916165
591.8825945854187,0,53.06,38.43,54.91577765308058,40.36509774469071
592.8825781345367,0,53.06,38.59,54.96172460991635,40.3252031599958
593.8835456371307,0,53.19,38.37,55.007430277326094,40.28550964112666
594.8838181495667,0,53.25,38.27,55.052819572125195,40.24608237377356
595.8833367824554,0,53.32,38.3,55.09789213218686,40.206921675796906
596.8842177391052,0,53.29,38.3,55.142744813492364,40.167943373963865
597.8996589183807,0,53.32,38.14,55.18796403192489,40.12863763532846
598.9001860618591,0,53.48,37.98,55.232239089126644,40.090143748634134
